{
    "elastic_tensor": [
        -304.0567844036011,
        -58.13157555460023,
        -56.87768820780021,
        0.0,
        0.0,
        0.0,
        -56.19186910960021,
        -306.335811781601,
        -56.61230418940022,
        0.0,
        0.0,
        0.0,
        -59.04154817720022,
        -59.04154817720022,
        -269.785396026001,
        0.0,
        0.0,
        0.0,
        -0.12726429010000026,
        -0.008530923300000173,
        -0.1065904843000017,
        -111.55421381960001,
        0.0,
        0.0,
        -0.24440277830000007,
        -0.24929027930000064,
        -0.5324707436000002,
        0.0,
        -111.01076946030003,
        0.0,
        -0.24716172050000018,
        0.10248081429999822,
        -0.21268606500000056,
        0.0,
        0.0,
        -121.09617837469999
    ],
    "BV": -136.23050284744494,
    "GV": -115.96932728154684,
    "EV": -271.00753139068837,
    "uV": 0.16844487134405972
}