{
    "elastic_tensor": [
        306.68580765540116,
        59.38521479400023,
        59.82975540440024,
        0.0,
        0.0,
        0.0,
        57.48689241340021,
        307.7062797948011,
        59.25405854480024,
        0.0,
        0.0,
        0.0,
        58.468596254400204,
        58.46859625640021,
        267.6474503964009,
        0.0,
        0.0,
        0.0,
        -0.4059347099999998,
        -0.31385291319999975,
        -0.6592531044999994,
        111.29444880400001,
        0.0,
        0.0,
        -0.17461702469999976,
        -0.1454277266999996,
        -0.29714671309999835,
        0.0,
        111.67721377570001,
        0.0,
        -0.7435327501000003,
        -1.0437237925000005,
        -2.0399354139,
        0.0,
        0.0,
        122.46006337120001
    ],
    "BV": 137.21473905711161,
    "GV": 115.99104579707351,
    "EV": 271.4775523762496,
    "uV": 0.1702521971014899
}