{
    "elastic_tensor": [
        310.07565245160106,
        59.83121380040022,
        59.35036811840022,
        0.0,
        0.0,
        0.0,
        59.58418878900022,
        310.4469787302012,
        59.324337154000226,
        0.0,
        0.0,
        0.0,
        61.36466218080023,
        61.36466218080023,
        270.904612250201,
        0.0,
        0.0,
        0.0,
        -0.00014752049999990535,
        -0.0001428943999991949,
        -0.0003197525999988471,
        111.33640666170001,
        0.0,
        0.0,
        -0.000669270100000034,
        -0.0006687535999996553,
        -0.0015209747999986138,
        0.0,
        111.29906597180003,
        0.0,
        0.6523222943,
        -0.43412708169999864,
        -0.12514583189999998,
        0.0,
        0.0,
        121.42442797540004
    ],
    "BV": 139.13851951726716,
    "GV": 116.34006841239352,
    "EV": 272.9460010446221,
    "uV": 0.17305243485461816
}